Sequence	Count	Percentage
ACAGCAACATAAACATGATGGGATGGCGTAAGCCCCCGAGATATCAGTTT	1	0.24096385542168675
ATTAGCGAGGAGGAGTGCTGAGAAGATGTCGCCTACGCCGTTGAAATTCC	1	0.24096385542168675
GAACGACAGCAGCTCCTGCATAACCGCGTCCTTCTTCTTTAGCGTTGTGC	1	0.24096385542168675
TGAAGCGTCGATAGAAGTTAGCAAACCCGCGGAACTTCCGTACATCAGAC	1	0.24096385542168675
AGAGTTGCAAGTCCATCTAAATCCCTCATATGTACATCTAATGTGATAAG	1	0.24096385542168675
TTTTTGGTTTTAGGTCTAACATGTAAGTCTTTAATCTATTTTGAATTAAT	1	0.24096385542168675
ACTGCTGAGCTTAAATGGCGGCAGTCTGACGGTTACCAACGGGGGCACTT	1	0.24096385542168675
CCTTCCTAAAAATTAAGAATCTTAACAATTAGCAGCACAACCAAAATTAT	1	0.24096385542168675
TAGGGTTGTATTTGCAGATCCATGGCATGCCAAAAAGAACATCGTCCCGT	1	0.24096385542168675
CTGCCGAGACTGTTCTCAGACATGGAAAGCTCGATTCGCATACACTCGCT	1	0.24096385542168675
CATTATAGTAATACGGAAGATGACTTGCTGTTATCATTACAGCTCCATCG	1	0.24096385542168675
GACGCCGTGGCTGCACTATTTGAGGCACCTGTCCTCGAAGGGAAGTTCAT	1	0.24096385542168675
GAACCTTCTTTAATTTATCTAGAGCCCAAATTTTAGTCAATCTATCAACT	1	0.24096385542168675
CCTCAGCGTGGATTGCCGCTCATGCAGGAGCAGATAATCCCTTCGCCATC	1	0.24096385542168675
AGTTATTTATGCATCATTCTCATGTATGAGCCAACAAGATAGTACAAGTT	1	0.24096385542168675
AGTGAGACACCCCTGAACATTCCTAGTAAGACATCTTTGAATATTACTAG	1	0.24096385542168675
TTACCTCTGCTTTTTCGCCTGTTACTTCTACTAATCCTTCATCTATTGCG	1	0.24096385542168675
TTCTGATTGGAGTGAGAGTGCCATTTGTTTCGCTGATTGGACGTTGGAAA	1	0.24096385542168675
CATCTAACTCTCATTCTAGATTCTTAAGTTGGCTACACTTTGCCGTCATT	1	0.24096385542168675
TGTAAATGGAAATGAACCTAATATGTATGCACAAACTATTAAAGCATATC	1	0.24096385542168675
GGTGTTGAGTGCCATTGTAGTGCGATAAGGGTAAGTCATAAACCAGAATT	1	0.24096385542168675
CTAATAATGGTAATTGAACCATAGAAGATAAGTTCATAATGTAATAAATA	1	0.24096385542168675
AATGCAAACAGGATGATATTTGAATCCGTAATACTGTTCTTTCATCATAA	1	0.24096385542168675
ATCTTTGAACTTTGTCTCACTTTCCCCCATCTCACCATTCCTCCTGTTCT	1	0.24096385542168675
TATAGCTACTACACCTTCATGTGATATAACTTCAAGCAATTTTTCATTTA	1	0.24096385542168675
GATGGCTTTGCTTTCTCATTCTCCTCTCCATCGTTCCCATCTTCGCCCTC	1	0.24096385542168675
CACAGCAACGACAAGCGAGCCAGAGCAGGCGTGGTGTGGTGGACGTGCAG	1	0.24096385542168675
GTACAGCTCTCCTCGTTACCAGCACATCTTGGACACCCGACGAAGACTTT	1	0.24096385542168675
GGCGATTGTGAAGGCATAAGAGTGGGACATAGTTCAAGTCCAGAACGAAT	1	0.24096385542168675
TACATTTGATTTCTTTATAAGATTTCTTACTGTAAAATCATCGCTATTTA	1	0.24096385542168675
TGTAGCGGGAGGGTGGAAGCAGTGGGCCCTACCACCTACACAACCTGTTT	1	0.24096385542168675
AGCACAATCAGATTCGCTTATGACGGCGATGAAGAAATTGCGATGAAATG	1	0.24096385542168675
GACATTTCTTTCTGGGAAGGCTTATTAAACGATAAAGATAATGATATACG	1	0.24096385542168675
AGGTCTGCACTGGCTCTTCAGAGCGCAAGCGAGGGAAGAGAAATATAGTG	1	0.24096385542168675
CTATGGCCACTTTTGTATTCTCGATTGAGGTTATTCGCTCACCCATCTTT	1	0.24096385542168675
TGAAAGAATAGTACCTCCTAATACAACATTAGTAGGTGAGGAAGATGGAA	1	0.24096385542168675
CCTCTTCTCTTTCGCGGTCATCTTGGGTTTCGCGCCTTTCTTCTTGACGA	1	0.24096385542168675
TTGGCGTGCTGATGATTATCGGTATCTTCAAAGGCGCGCAGCCTGCGGGC	1	0.24096385542168675
CACCATTATCCTATTTCTGAACACATTTGACAGTCACGGCACTAGCATTG	1	0.24096385542168675
ATCTTTCTCTCTCTGCTGCATTCTCCGCTTCAGCTCCTCAATTTCAATCA	1	0.24096385542168675
CAGCCTTTTGAGGTCGTCTATCGCAGCGTGTCCGCGACGTTTTGTTGCGA	1	0.24096385542168675
CAAGTAGAAGGTTAGCGCCTCTCTGTAAAAGGAGTCAAGCGCTATGTCGC	1	0.24096385542168675
GCTGTAATGGATCCACTAATTGGGACAGTGGTGGATAAAACGAATACAAA	1	0.24096385542168675
TAATAATATAAATTGCTTCTGCTTCTAATTTATCAAGATGTGATAATTCG	1	0.24096385542168675
AAACGCACGCTGGTAAAGGGCAAAAAGATCATCAGTAGCCTGTGCTAGTT	1	0.24096385542168675
TTCATATTTATTCCTGTTTTGCTACTTCCAACATTCACAGATGAGCAAAC	1	0.24096385542168675
GGACATGTTCAGAAAACTGTATTACGACAACGGATCCCACGCCGGGTGCA	1	0.24096385542168675
AGGCCATTACTACCAGCGTTGCCGCCAGCAGCAAAAAACTTCCCAGCAAA	1	0.24096385542168675
AATTTAACAGCTATAATTGATGATGAAGAAATAATCAAAAAGCATTTTAT	1	0.24096385542168675
GTATTCCTTGACAGTCGAAAGAATCACTGCTAACCCAGGCATTGAGCCCT	1	0.24096385542168675
AGAACGTACACCCTACGCTAAGCAGTGGCTCCATGCCAAAAAGTCCTATG	1	0.24096385542168675
TACGCGTAACGACGTCATAGCCATGACGCTTCAATAAAGCTTTCCAAGTT	1	0.24096385542168675
CCTATCTTTGCATTATCCCACTTATATCCTTGGCTTTGAACTGAAGCTGC	1	0.24096385542168675
AAACCACATATGACATGAGTGACGGGACTAAAGTTCAGGACTCAACGTAC	1	0.24096385542168675
TCGATCCTTCTGCCTCAAAGTATACTAGGACGCATATCCCAGGCTCGTAT	1	0.24096385542168675
ATTCGTCAGGCCCAATAACATCATGAATTTCCAGACGGTCGTTAACCCTC	1	0.24096385542168675
AATTTACCTAATGGAATCAATGAGGCTACTCCAAATTTAGAAACTGTTAC	1	0.24096385542168675
TTCTCTGCTTTTCATATCTTGTCATAAAAATTCTCCTATCCTATCTTTTG	1	0.24096385542168675
CTCTCCATGCACAAAGAATATCACAGCCAAAGAAGCGATGGATATTCTAC	1	0.24096385542168675
TTGTGAAGGATGGGATATTAGTGTAGATGACAATACATATGATAATTGGA	1	0.24096385542168675
GTCTGCACTATCGAGGGCTGTGCCTTTGCGAGCCAAAAGCACAACATCGT	1	0.24096385542168675
TTTCTTTGGCTTAAAGATAGTTTTAGTCGCTTCTGATACATTTGAAATAC	1	0.24096385542168675
TGCCGTGGGAATGACAAACAAGCATCCTGCCACCGCCATCGCCACCACCC	1	0.24096385542168675
CACATTATGAACTATGGGCACTGCATCTCAGACAGTGCGGCTGTGGGGTC	1	0.24096385542168675
CACCTAGCAGCAACGGACGAGTCAGTGGATGCAGACTGCGCAGCATGGCA	1	0.24096385542168675
TTAATATTTCCATCTGAACTTCGCCGAATAAGTTAACATAAATCTCCTCA	1	0.24096385542168675
CTAAGAGAGTTTGTAATGCGGACAACCATCTAATTTCTTCCTCCTCTGAT	1	0.24096385542168675
AAAGTGCAGAACATGCAGATATGATGGTCCATTATTTTTTTAATTGTGCT	1	0.24096385542168675
GACCTTTCCGCAAGCTGTCGCTCCGGTAAACGGTGATGCCTCCAATTAGT	1	0.24096385542168675
TCCATTATGAAAGAAGAAAAGTGAACGATGGAAGACCTACGTTTCGGTAG	1	0.24096385542168675
CGCTCACCTAGGTTGAGTGCATTTTGGTGACTGCCAATGAATTACACACA	1	0.24096385542168675
TTCGACCATCCTTCATACCACCCCGGAGGCGGACCTAACACTAGCTAAGG	1	0.24096385542168675
ATTACAAGGCTCTCACTTTTATTCTTTTTCCCCCAATGTCCCTTCAACAC	1	0.24096385542168675
TGTAGTTCCTTTCACCGACGGGTACACGAACGTATTACGGAGCATAATCA	1	0.24096385542168675
AGGCAAAGACACTAGAGCTTGTCTTGCGTAACTACTGGTGGCCAAACATG	1	0.24096385542168675
TATGTGGAGTTGCTGAGAGAGTTGCGTACTGCATTAGATGCCCTTCACCC	1	0.24096385542168675
GACCTTCAAGCCAGCAGCCTTGTCGAAATCGGCAAGGTCAATCAGGAGCT	1	0.24096385542168675
TGTTGTGTCAAGAGACTACATCAAAGAGAGTGCCAAGGCATACTACTCAC	1	0.24096385542168675
TGCTTTGCTTTGCGAATATAGAAAGATTTGCATGAATGTGTTAACATGGG	1	0.24096385542168675
CATGGTGGCGCTCAACCTGCGCCAGCATATCAGCGATCCTGCCCGTTATC	1	0.24096385542168675
AAGGGTCGATCTTCATTGCATCGAATCCTGTCACTGAAGCGCGCTCTAAA	1	0.24096385542168675
GAAAGAACCCAGACCGTCTTTTGCAAGGTTGGATACCACGTTTCTTGCTT	1	0.24096385542168675
TGATTGTGCGAGTGAGAGCTGAAATGAGTTTGGGCCTGGGAGGAATTCGT	1	0.24096385542168675
TATCATGGAGAAGGGGCGCTTGAAGTACTTAAAACTTTAAAAGGCAAAAA	1	0.24096385542168675
AGGCCCTGCCCAAGCAACCATCGTTCCTCTTCCAACAAAACGTGCGACAT	1	0.24096385542168675
TGAAAGTACCGTGCGTCAGCGCGCCCGTCGGCCCGTCCAGCGACAGTAAA	1	0.24096385542168675
ACGCTCATCATTTATTTCAACATTTATTTTACTTATGCACATGTCTTATA	1	0.24096385542168675
AATGTGACAGCTTACATGTGTGAGCTTGCGTCCGAGCTTTTCGCGCATCT	1	0.24096385542168675
CCTCGCTCTCATCTCTCTACCATGTCGAACAGCTGCTCTGTTCCCGACCT	1	0.24096385542168675
CCAGACGCAGTTCATGGGTATTACCCAACACGTTATCGTTATTCAACAAA	1	0.24096385542168675
TTAATAAATAAAGCACCGTGATATAAATCACGGTGCTTTAAAAAATTTTG	1	0.24096385542168675
AAGTGAAAAGGATTTCCAAAATATAGCTCTTTACTATCAAGCTTTTCTTC	1	0.24096385542168675
TACAATTATATTTTATTTATTTCGCCATCTCAAACAGTAAAGCACACGCG	1	0.24096385542168675
GCAGGCTGAATGCTGATACATAATCCAATAGTAAACACTGGAGCCCCTAC	1	0.24096385542168675
TAACTTTATGTTTGATGCTTTTAAACGCTATACTTTTTATCTTTGAATTT	1	0.24096385542168675
TCTTCTACAATTATTCCTTCTTGAACTGCTTCTTTTAAGCTTTCTTCAAT	1	0.24096385542168675
CTCGCGCTACAAAACCGGGCTGGAAGCCGAGCGGTTGATGGAAGTTGAAC	1	0.24096385542168675
AATAGTAGTGTCTCCCTTAGGTATTATCTCATCTTCGCCACGTTTAACTG	1	0.24096385542168675
CGTTGATGAACAGAGAGGCATCCGCGTAGTACCTCCCGGGGCATATTCTA	1	0.24096385542168675
AGCTCAAGTTCTTTGCAAGTCCACATGGTGTACCTGGAGGATATGCAATT	1	0.24096385542168675
AATCCAGTTGCTCTCACCGTCAGTGCGCTCTCAGCAGCTTTCTGCACGAC	1	0.24096385542168675
CCTGGTTGATCCTGCCAGTAGTCATATGCTTGTCTCAAAGATTAAGCCAT	1	0.24096385542168675
CATGAAGAAGATTGAGCTACAGATATGATGCCTTTTTAAACCTTTAATAG	1	0.24096385542168675
CCAACGCTTACTGAATTCTGCTTCAGTATGATAGGAAGAGCCGACATCGA	1	0.24096385542168675
TGGAAGGAGAAACTCGCGAAATCACAAGTGCGGGTTGCAGTCATTAATGC	1	0.24096385542168675
TTTTATATCTTCCCATCAATAAAAAAATTTAATATGACCTCATTAAACTT	1	0.24096385542168675
TCACCGTCCGGGTTATACATGGCGATACCATACTCAGAAGGTGGAGTAAC	1	0.24096385542168675
CACTCTAGGTTGGTGTAATACAAGTTGCATCATGCCTCTTACCACCACAA	1	0.24096385542168675
ATCTTCGCTGCTGAGGTGCAAGATGGGGAGACGGGGTTCTTGGACACACA	1	0.24096385542168675
CTTCTTATTCGGACATTTCAACTCCCGTCCTAACACCCGAATCGATGCAA	1	0.24096385542168675
GTTCATAGTTGATGGCAATCGCCGGAGTAGCAAAGTTCATTGAGATAATG	1	0.24096385542168675
AGCAAAATCAGGGTGTTATCTGTCGATGATTCGGCACTGATGCGCCAGAT	1	0.24096385542168675
CATTTTGCTCATCTCCTAGAATATTTAATGTAATTTAATATTTATGTCTC	1	0.24096385542168675
GGTTGCCTGTTTCTGACACAACTGCCCGGCAACGCTAAGCAAGCTGGCAA	1	0.24096385542168675
GAGAGGGTCGACGAGTGCCAGAGACGGAGGAATGGGTCCTCGTCCGGAGT	1	0.24096385542168675
AGCAGAACGAACAACCTTGGAAAGAAACAGGTCAATACTTGGATAGCAGC	1	0.24096385542168675
TGTGCCTGGGCCTTGCACGCCCTTTCGTAGGCCAATGGTACAAGGTTACT	1	0.24096385542168675
AACGAATGCAACAGATATCCATCTCTCATCAATGTAAAGACAATACTCGC	1	0.24096385542168675
AGTCTGGATCTGGTCGATGGTACGCCGGTGGTGGATATCAAACCGTATCT	1	0.24096385542168675
ATAATTCTCTTTCGCGCCTATCGATTGTTGTGTGGCCACCTCTGATATCT	1	0.24096385542168675
TCTTCTTTCGCCAGTCACGCGTACTATATTTTAGCCGCACTGCACTGTCA	1	0.24096385542168675
CTTTAAATTTGAATCGTTCATAAAAATTCTCCTTAAAATAATATAATTAT	1	0.24096385542168675
ATGGCATACTGATATCCTTGAGCTTGTGCTGCATCAAGCGCGGCTCGGAT	1	0.24096385542168675
ATCTATACATCATTCCCCATGATCCACATACTACCGCCTTCACCGAACAT	1	0.24096385542168675
CCCATACCTCTGGTAACCCAAATGCATAATCTCCGATAACCCATACCTTT	1	0.24096385542168675
CAGAAAAAATAGCCGATTCTCCTAGGCCTTTGTGGATCCCACGTCCCTTC	1	0.24096385542168675
CTAGTCCAGCAACACATTGATACTGCTTCAGTCAAGTTCTCACTATTGGA	1	0.24096385542168675
AAACCCCACGCGTGGCTCTGGGACTGCGCGAGTGCCGAGCCTATCCGCAT	1	0.24096385542168675
ACCCGTTAAGCGTTCATCCAACAATAGTGCCGCACTTGCCAGTCCGACTA	1	0.24096385542168675
TACTACGGTGACGCGTCAGGGAGGTCGAGCATCGAGCATCGCAGGGCTTA	1	0.24096385542168675
GTCATCGAGCATGTCCATGGCATTATGGGTCTGGAGGAGGGTAGATTCAG	1	0.24096385542168675
ATAGTTAGCTTATCATCTGGATAATTCTTTATTTCATCTAGACTTATTAT	1	0.24096385542168675
AACTCAATTGTGTGGTCATATGGGCCGTGTTCTGACGCTTCCTTGGAGAA	1	0.24096385542168675
AGTTCCTCGAACTCTCTTTGCTGTTCCCGAGGCAGTGGTGGAGGGGCTGG	1	0.24096385542168675
GTTCACTGACAGTGCATGATGGCGGTCATCTTACAGCACTGAACGGTCTT	1	0.24096385542168675
CGCAAGATGTTTTCTAAAATTGCATTATCCATGGCGACTGCCACTTTCTA	1	0.24096385542168675
ATAGAACGAGTATTGTCATAATACATTATACACGCACATTAGACGCACGC	1	0.24096385542168675
CGTGAAACTTTTAGCAAATCCGATATACAAAATTCTCGTATCGAGTTTGA	1	0.24096385542168675
ATGTTCTTCATACAGCTCTTCCTCTCATGCGCCCTTACCCTCTTCCGCAC	1	0.24096385542168675
ACGATGTCCTGCCGCTACCACTTGAGATTGAATTTGTTCATCTGGGAGAG	1	0.24096385542168675
GGTATGAAGCAAGATGAAGGTCAGTTTTTTACTCCTATTCAAATTTGTGA	1	0.24096385542168675
CTTCATCTGTTTTCCTGAAGCTGTGGCTGTGTTATCTAAAACTTTATTTA	1	0.24096385542168675
TTTCGTGCATTCCAACCGAAAACGTAAATACTCCTGCAATTTGAAGTAAG	1	0.24096385542168675
AATCTTGTACTTATTCCCTTCATGCCCTCATATTGACCGGCTTCTTCTCT	1	0.24096385542168675
AAGTATTTCTTATTTGAATTCATATTATCTCCACCTTTCAATACAATATT	1	0.24096385542168675
CGGTCAGATCAGCGCCAAAATCAACGGGCGGATTTTCCCGCTTAACGGCA	1	0.24096385542168675
TAAGCATAAAAAAGATGCTTAAGGGATCACGATGCAGAACAGCGCTTTGA	1	0.24096385542168675
TGAAGGTCTATCTGGGTGACTCTATTGTGCTCAAGGAGACGTGGCAAACA	1	0.24096385542168675
TGAAAAGGAAGGTAAAGTTGCTGTAGTTACCATTAACAGACCTAAAGCAT	1	0.24096385542168675
CCACTGCGGCCACGCGGAGTGGGTCTGCGTGGTTGAACCTGAGCGTAAGC	1	0.24096385542168675
TATTCAAGCATTCGCAGCATCTTGAATCAGTATGACTTGTCTGGGATGGG	1	0.24096385542168675
GATTGTCTTACCGGGGGTTTCAGTGTAGCCCAGAAAATCAATGCGATCTC	1	0.24096385542168675
AGATAGGAAAATGTTCAACCGTTTTAAAAGGAAATGTAGATGCAATAATC	1	0.24096385542168675
TAAACTTAAAACACCATCCAAGCATCCCTTCGAGCTTATGAAGCAGGTGA	1	0.24096385542168675
TCAGGCGTGAAAATTATTCATTCCCTTGGATTTTCATGGACTATTAAAAA	1	0.24096385542168675
TGCGCCGGTGTTCACTGAAGCGGGCGATGTGCAGTTCTACCTGCCGGAAG	1	0.24096385542168675
TGGCGGCAAACAGCGCAAGCAACGCGACACAGTCATCCCCTTATCCAACC	1	0.24096385542168675
TGAACTTTTTCATCAATCAAAACAACAGCCCAAGCATACCCAAAACCATC	1	0.24096385542168675
GCCGCGAGGTGAAATGATGCAGATCGTCGTTCACCGACAGCGTTGCTGAG	1	0.24096385542168675
TCTCTCCCCGACTGTGTCGCCCCTTCAGGGCACAGACTAAAGGTAAGGTG	1	0.24096385542168675
CCTCTCCGTCTCTGGGAAGCGCACGAATGCTGATCCTCGTGATCTTCTCT	1	0.24096385542168675
ACTATCAAACTGATATGGATGAGTTTAATCGATATTCACTTATCTTTATT	1	0.24096385542168675
TAGCGAAAGGGCTTCACGTTGCTCGTCTTCCATTTGCACTGGAGAATTTG	1	0.24096385542168675
TAATCCAGAAGATATAAAAGAGGAGAATTTTAGATATCCAGGTCCGATTC	1	0.24096385542168675
GCGCCGATGTAATCTGCTTTACCAGAAAGCTTCGGCGCAACGAAGTCAGC	1	0.24096385542168675
CTTCCTCCACTCTTAAATTTCCACTTACTTCTGGCCCAAAATTAAAACTT	1	0.24096385542168675
TGGGGCTGCCCGCCAATCGCCGTTACAAGGCAGAGAACATGTATCTTGCC	1	0.24096385542168675
GCCTTACCTCTCACAACCCCCTTCCCACCTTTACTGTTCTCTGACTCGAG	1	0.24096385542168675
TTTTTCGCCGTCAGGTTGCCGATCGAACGCTGGGCATCCCACTGTTCAAT	1	0.24096385542168675
GTTACACTTTCATTATTAGATTACGACTTCCAGATACACTTCATAACTGT	1	0.24096385542168675
CTCTTTTGTCCCTTACATATGGATGCCTTTGTTATATATTCTCCCTCTTT	1	0.24096385542168675
CCTCGAAGTGCCCCTAACATCATACAGAAGTGCACTTCGGTCTCAGGAGA	1	0.24096385542168675
AGACTACAATCTTAATAGTCGTAGTTCTAGTCTCCTAATCTAAAATTTCA	1	0.24096385542168675
GGCCAGTTGGCAACGTAGATGGCGAGGTCATAATCGTTGAGATTGCGCGA	1	0.24096385542168675
GTTTGAAGAATACTTGGTATTATGATAATAAATATAAAAGCTATTTTTAT	1	0.24096385542168675
CGATAAAGATAAATTCCAGAAATCTGGATACTTTGGATAAATTTGATTAT	1	0.24096385542168675
AATGGCATTGTACCCATCCACTAGAGGCAGTCGGACAATGTAATTGCAAG	1	0.24096385542168675
AATTTCTCACTAAATTAAAATAACGATTAAAATTGAAAATTTATAAATTT	1	0.24096385542168675
ATAACCTCATACAGGAATGTCCAGTATGCAGCACCTCGGCAAGGGAATTG	1	0.24096385542168675
ATATAACCTTTTGCTTGTCCCCTTCTGGCTCCATTCCGATTACTCTTCCC	1	0.24096385542168675
AAAGAGAAACAGTAAAAATTGCCACAGATCGCTAATCTGGACCATCAGGC	1	0.24096385542168675
TGGCCGCCAGTTAATGGAACAGTGCGCGAAAGACATCAAAAAAGTGACGC	1	0.24096385542168675
TACTATTCCTAGAAAATATTAAACTTCAACTTTACAGTTTGAAGGATATC	1	0.24096385542168675
CTTGAGCTGGGGAAATTACGCGTGAAATAGGCAGTGCACATCTCGTGACT	1	0.24096385542168675
TAAATAAATTGCCGTTCTATTTGCATATCTTCATCGGGATTATTGGCCGT	1	0.24096385542168675
AGCATTACCTTTACTCTTTTCTCCTTTGAAATTTTGCTATGGCCACGGCC	1	0.24096385542168675
TTGTGCGAAGATGGTATAGGCCTCACCCTGAGGCTCCACAATGACATCAT	1	0.24096385542168675
GTTGCGCACCATCTAATGGCTCAGGGTTGGCAAGTTCGCTGGCTGGGGAC	1	0.24096385542168675
AAGGCACACTTAATTATTAAAGGTAATACACTATGTCCGGTAAAATGACT	1	0.24096385542168675
TTCCCTACCGTCGCAGCGGCCAGGAAGGAGCTTGAAGGGGAGAGCTTCCC	1	0.24096385542168675
CTTCCAGGCTACATTGCTGATGAAGCGTACTACCTTGGACACTGAATGGA	1	0.24096385542168675
TAACACCGCCCTGTGGCACACCTTCACTGGCCGCCCGAAAGAGACCGACA	1	0.24096385542168675
GTCATGTATCGGGAATTTAGGATGCAGGGTAGCGGAAGCTGCAAGGCAAT	1	0.24096385542168675
TAAATATATCTTATCATAATTAAGCATACTTATCTAAGCAAATACTTACT	1	0.24096385542168675
ACTTCTTTGTATTTCTCTGAATCTCTATGCAAATCTGGATGAAATATTTT	1	0.24096385542168675
CGGCCTTCAGAGGAGTTACATGCTGCTATTGGAAGTGCAATGTTGGTACT	1	0.24096385542168675
TTCACTCCGATTCCTCACCTTACAACCACCGAGTTCTGATGCCTTTGGCT	1	0.24096385542168675
GAAATGGAAAATGGTGAAAGGGGAAACACACCATTGTATTCATCACTTTC	1	0.24096385542168675
AGGTAGATATACTCATAGAGTTGCTATATCAGATAACAGAATTATAAAAG	1	0.24096385542168675
TAATCTTGGTTACTTGATAAAAAAACAAGATGAAAAAGATAAAAGAATTG	1	0.24096385542168675
GACGTCGAGAACCAAGTATGCAATAGCTTCACCTTTACAGCGCAGTGAAG	1	0.24096385542168675
CAATTCAGACGAATTCCATTTTTCCGGTGCATCACGATACTAGTATATTA	1	0.24096385542168675
TAGTGCGAGCGATTCTGCACGAGGATATGCGCGCAGTCCGCTGAGAGGGA	1	0.24096385542168675
TGAGCAGGCAACACCACCAGAGGAGCCACGGACAGGGATGTTCTTTACAG	1	0.24096385542168675
GTAGCTAAGTGCTACGAAGGGAAGAACACCTCAAAGGAGATCTGGGAGGC	1	0.24096385542168675
GGCAGCGATACGCAGCTGTTCTTTGATCAGGTCAACGCCGGTGATCATTT	1	0.24096385542168675
TCTATACCTTGTCCTATGCGGTTTGGCCCCCCACCTATAATCATCACTTT	1	0.24096385542168675
CTTCACGCCTCTCCAACACCGATGACGCGCTCTAAACCATAACAACCATC	1	0.24096385542168675
TGCGGAGGTCGGAGCTTGAATGTTTGGTGACGGGGATAAAAGGCCGGCCT	1	0.24096385542168675
GGTTCTGCTCGTTGGTGCGATCTGAGTTGGTATAGGCCCCACTAATGGCG	1	0.24096385542168675
CTTTCAGCGGCCCGTCTTCAATCTCCTTGAGAAGGACCGGATGTGGCCAT	1	0.24096385542168675
CTATCAACACACCAGAAAGACGGTGTGTGTGGGCGCTAACTGCGGATGCG	1	0.24096385542168675
AAAGTATCAGATAAAACTATAAAACCAGAAGTTTGTGAGTTAACAGCTAC	1	0.24096385542168675
GATCGGATCATTGTCCAGTTGAGTTGACAATTAATCTATAATAGATAAAA	1	0.24096385542168675
GATCAACTTGCGGCATCAGGCTGTTAAACAGAAATGCGGAGAGTGGCATC	1	0.24096385542168675
ATTTGCCATCAGGTGAGGTCATCCAGACAAAACGCCATTGATCTTTATCG	1	0.24096385542168675
TAATCCTCTTGTAACTTCCTAATTTTTTCATTGTTCCATCTGGTTTATTG	1	0.24096385542168675
TGTCAGCGCTGCAACCAGATCCTTTGCGACTCCTTGACCATGGAAGTATC	1	0.24096385542168675
ATATGCTGCCACTAATTATAGGAGCGTCTTTAGTAGTTGCAGTGCCAAAG	1	0.24096385542168675
AGGACTTGACAGATATCGAGCGGGACGAATGTGCATTGGTTAAAGCTTAT	1	0.24096385542168675
TGCGTTCGTCTGATACTTGACGTCCTTCGCCTTTGCTGCGACCTTCAGCC	1	0.24096385542168675
GTGCTGGAAGCGCAAAAACATGGCTGCGTGCGTGAGGCGATGATTATCAC	1	0.24096385542168675
ATAGTCACATTTCAGATTGATCGCGGTCTGAAGATGTGGCACTGAGGTAA	1	0.24096385542168675
ACGCGTTTAGTACGATGAGCAGATAGCAAACGCGTCAGACTCACTGAAAT	1	0.24096385542168675
CAATCTCACAAACTTCAAGAGGCTTTCAAAGAAGGATATTTTAAATTTTT	1	0.24096385542168675
GATGTCTTTGTGCTTTGTGCTTGATGACCATGTTTTGTGGTTGTATGCGT	1	0.24096385542168675
TATCCCTATTTGCTCTTCTGATAGTTTAGTCTTACGATACTTCTTACCAG	1	0.24096385542168675
AGTCTGTCAACCAGTTCTGGTTTTCTGAACGTGATATGCGCGGAGCCCTT	1	0.24096385542168675
TTCAGCCGAATATCATTCATCCCTGATATTACCGGGTCTCACGGTCAGTG	1	0.24096385542168675
AAATTTGAGCTTTTCCCGCTTCACTCGCAGTTACTAGGGGAATCCTTGTT	1	0.24096385542168675
ATTAATAAACCACTCTCCCCGACATTCAACGCGTTGCTGCTTAACTGTCT	1	0.24096385542168675
TATCAACCAGATTGTGAAAGAAAAATATTTCATCTCTCTAGGTATTCTCA	1	0.24096385542168675
ATACCATTAAACAAAGAGCTCAGATTGAATCTAATCAAAAATCTTCACTA	1	0.24096385542168675
TCACCCTTATACCCTTCCCCTATTCCGCCTTCTTTCTCTACCGAAGTTGT	1	0.24096385542168675
TCAAACCGTACAACTGGAGAGAATATCTGGTCAAAGTCAATGCCTTCGAC	1	0.24096385542168675
ACCAGCCCTGGGTCTGGGAAGCACCACAGCAGCAGACGTTTGACACACTC	1	0.24096385542168675
AGATATGATTGCGCAGTATTGTAGGGGTCGGGATTGTTGACAATGAAGGA	1	0.24096385542168675
AGCTGGCGTTACAAAAATTGGGTAAAACGCCGTTAGGACGCTATCTGTTC	1	0.24096385542168675
ACATTGTTCTATCAACTAGAGGCTATTCACCTAGGAGACCTGCTGCGGTT	1	0.24096385542168675
CCAAACAAAGGCTCAAGAAGAGAAAGGAAAGCAACGACGACGATTTCATT	1	0.24096385542168675
GCCTCTCTATGATAGTTGGGCCATAAGTTTCCGGAAGAAAGAAAATAACA	1	0.24096385542168675
TCACCGATTTGCCGGTGGAATGCTCGACACCTGGAACTTGCAGTCCTTAG	1	0.24096385542168675
TAAATCCAATCTTGCAAATTGTAGAAGGTGGCGAAAAAAACTTTACAGAT	1	0.24096385542168675
GCGAGGACATGGAATCAGATGGTCTCATTGGTTTGGGTGCGTTGACGCGT	1	0.24096385542168675
TCTCTTCAAAGATGGCGTCAGCGATGAGGATAAGAGGAGGCTCTACCAGC	1	0.24096385542168675
CTCGCACCATGACCATGATGCAGCAAGCTGGCCCCGAGGCCGCCCATAAG	1	0.24096385542168675
AGGCGGGGCTGCAGGAGCTGGCGGGCAACGCCACCATGCTGTTCTACATG	1	0.24096385542168675
CCAAGATTGCTCCTTTGCGTATTCTCAGTTTCGATATCGAGTGCGCGGGT	1	0.24096385542168675
CTGGCGATCGGCGAAAAAGAAAAAACGCTGGCGGCATACGTTGTTCCTCA	1	0.24096385542168675
CTTGCTGGAAACGCTCATCGCCATTGCCGAGAAAATCGAGCATCATTGCA	1	0.24096385542168675
GAGCGAATTTTCACACTCTTGCGCTCCGCTCCTGAAGGAGATACCGAATA	1	0.24096385542168675
CGGGTTAATTGCACCAAATGCGACAATCTCAATAACGAGCAGTGCGGCAA	1	0.24096385542168675
TTTAAATATGCGCCTGACACGCTGTGCTTCCGTCATAAAGTCGCCACCTG	1	0.24096385542168675
GGCAGAGATGATACAGCACCGGTTTACCACAATGGGCCAACTCGCTGTCT	1	0.24096385542168675
GCATCAATACTTATCTCTTTGTCAGGGACAGGAAACAGCCAGAATACGCG	1	0.24096385542168675
CCCCTCCCACATGTGCCCCTGGCGGCTGGGCTGCTTCAACCATTCGCCCT	1	0.24096385542168675
CGGTCAACTCTTTGAGCAACGCCAGCTGATCGGTATCGTCAAACAGCGAA	1	0.24096385542168675
TGATGTGGGTAATTATGATTTTTGTGCCAGTACATATTTACATGGCGATT	1	0.24096385542168675
TAGCAGAACTTGGAACTGCTAATATAACAGTAGATGATTTCTTGAAGCTA	1	0.24096385542168675
CCTGCTGTCGAAAATGCCGACCATGGCCGCGATGTGTTACAAGTATTCCA	1	0.24096385542168675
CCCTCCAACTCCCCCAAACGACTCTACGCCTCTGCTATACCACCACCCAG	1	0.24096385542168675
ACCTACTCCGGTGTGCGTCCGCTGTGTGATGATGAGTCCGACTCGCCGCA	1	0.24096385542168675
TGATTGATCTGGTGAGCCGTGAAAAACTGCGTCATATCTTCCTGCTTGGT	1	0.24096385542168675
CTTTCATTATTAGATTACGACTTCCAGATACACTTCATAACTGTCATCGA	1	0.24096385542168675
AAGATGTTTGAAAATGAAAAATGGGATATACAAATTCATTTAGATCCTTA	1	0.24096385542168675
AATTAGAATCTGATGTTTTAGGAACAACAGTTACTTATAGTGAACCTCAA	1	0.24096385542168675
TAACTATTTTTTCGCCATTAACTACTGGAAGTATTGAGACTCTAAGATCT	1	0.24096385542168675
ACTGGATGGCAGGCCTGAAGTCCGGCTGGAGTGAGTGGGAAGAGAGCGCC	1	0.24096385542168675
TCGCCCAAGGCGATAGGCGCAAATGCGTCGCGTTTCATCCGTCGCGTCGC	1	0.24096385542168675
TATTGAATCCAGTGGTGATCATGCCCGGTGTTAATGTTGTTGTTGCTCCT	1	0.24096385542168675
AATCTTCCTGTACGCAGCATTGTGATGCACTCTGAGTCTTTCCTGTATAC	1	0.24096385542168675
TGACAAAAACAATGATAAAAAACATTTATTGTCACTACATCAAAATTTTT	1	0.24096385542168675
GAATAACAAGCATACCTTTATGTAGATATTGTGCAACACTTTTTGTTGAA	1	0.24096385542168675
TCTGATGCCTTCAACACGCCTATCCATTCCATGAGCAACGACGCCCGCGC	1	0.24096385542168675
AAATTAGGATGGTGGGCTAGACTGAACATGGTGAAAGTCTTTATAAGAAG	1	0.24096385542168675
GCCAGAAATGCGCTCTACCGGGGAAGTCATGGGCGTGGGCCGCACCTTCG	1	0.24096385542168675
CTGATGTGTCATGCCACGCGCTCTAGCTTCTGTTCGAGACATATCTTCAT	1	0.24096385542168675
CGCACGGTCTTGTGCCACCGCGTGCAGACCGATTTTTGCCGGAATGGTGC	1	0.24096385542168675
ACTCTTTAAGAAAGTCAAGGGTGGCAGACTCAAGACCAGCTTTAGAAACC	1	0.24096385542168675
TGTCATCATCCCCGAAGCTAATCTAACTATTTGTGAGGCATGGAGTTGCT	1	0.24096385542168675
CCCCTTACCCCCTCCTCGCTTCCTTTCAGGAAATTAGTTGCACTTGAAAT	1	0.24096385542168675
GATGAATAACGCGACTGAATTACTTCAGCTTTCGGCGCGTGGGAGAAGCG	1	0.24096385542168675
TGTTCGGTGGCTCCTTCGGCCCCAAGGAGAACTGCACAGTCCAGAGCGCA	1	0.24096385542168675
CACTAATTCTACCTGCCACTCTACTAATCCTCATCATGATGGTATTCACC	1	0.24096385542168675
AGAAAAGCTACAGCTGTTGAAAGACTGTCTTCGCTCAATTGGTACGCGTA	1	0.24096385542168675
ACTTAAGGTACTTAAAAGATTGCAATAAAAAATTTAATATAGAATATAGA	1	0.24096385542168675
TGTGTGACGACCCATCGGCAATCACTATTAATCACTGCCCACTCTATTGG	1	0.24096385542168675
TTCTATTTTGGACGAGTATAGCCATTTAATTCAATTAAGCTAGATTAGAG	1	0.24096385542168675
GGATAGATTGATCATTTTTCTTTGACACCTAGAAACAGATTTTCCATGGT	1	0.24096385542168675
CACTTGCATTTTTTTCTAAAATATCTTTTAAAATTTCAAGCTCTTGAGTG	1	0.24096385542168675
GCTTGACCAGAACTCTTTCATAACCCTCCACGCACCCGAATCCGCGGCCG	1	0.24096385542168675
CTAGTATGCGACTTCGTGTGAGGGGTCCAACCCCCATATACGCGGGTTCT	1	0.24096385542168675
TTCGTCTCAATTCAAGACCGAATACCGCCCCAATCGCATCAATACGAAAG	1	0.24096385542168675
CAGGGATCCAGTTGGCGCATATCACGTGTGCCCACGCTCCGTTGTTTGTC	1	0.24096385542168675
CGCTGCTACAGTTGCCTCATCTGTCAGCTACACACAGTTTCCTCTCTCGC	1	0.24096385542168675
TTAAAGGGATTAAATCGATAGTCAGTATTAAGCTGACCCGCGAGCGTCCG	1	0.24096385542168675
CGATCATGGGAGAAGATAGTCTTACACAAGCATTCCACCATTCCACCACT	1	0.24096385542168675
AAACTTTTTTTTCAAAACTATTATGGAGTAAAGGATTAAAAGCTACTCCA	1	0.24096385542168675
TCTCCCGTTCGGCTCTCTCTCCTTTTACTCATTATTCAGATCAGAATTGC	1	0.24096385542168675
TGCCTCAAACTATAGCTTATTTAGGGCCTGAGGGAACTTATACTTATCAA	1	0.24096385542168675
CTTACTTTCAAGCAGGTCATGCAACTGCGCGATGTGACCTTCGACTGCGC	1	0.24096385542168675
GTCAGATGAACTTCCTCGATATCGTGCCGATCTCTGCTGAAACCGGGCTG	1	0.24096385542168675
TGTCGTGCGCAATCTATTTTCCTTTCTGTGGCGAAGTCTGTGTCTTAGAC	1	0.24096385542168675
TTCTCCCGCGTTTCCTGTGCATATGCTAGCGCACATGTGAGCACACTGGA	1	0.24096385542168675
TTTAAAATCACTATCAATAAAGAAAGTTTTTTTGGCGTGGAATTAAAAGA	1	0.24096385542168675
TCCATGATGCAGCCAGCCATTTTAGTAAGCTGGGACATAGGAGAAAGTCC	1	0.24096385542168675
TCGTTCCAGTATCCCCAAGCTATGAAGTACTGATGCTCTCTGCCCAGCAA	1	0.24096385542168675
TGTAACAAACGTATAAAGGAAGTTTGTAACAGGAAGGCCAACAATGAAGT	1	0.24096385542168675
GAACTAATGCTGCATTACTGATTGGCTCTAAAAAGTTATTTCCTATGGCA	1	0.24096385542168675
AATAAACAAGTCTTACGTTACCAGGCTTTATCTTTTTCTCCATAAAGGTG	1	0.24096385542168675
CTTGCAATAGATGTGGTTCTGACGACTGTTCCAGGGTCCAATGGACAGAT	1	0.24096385542168675
CAGCCGCTATTCATAACCCCCGGCAAAGAACTCAACTCCAAGTACGGCGT	1	0.24096385542168675
CGCTGAAAGCAGACAAGAAAGATCCGTCCGGGCCTTATGTCTGGATCACC	1	0.24096385542168675
AAAATGCCAGGCACACCGAGACAAAAGCCACCATCGGCCCAACGCTGACA	1	0.24096385542168675
ATGCGTCGGGGCGTTGTTGGGGGTCAAAGGAGTGCGCTCACCTGACGACC	1	0.24096385542168675
TCGGTGATTTCGTTCTGGAAGGTGCCGCCGTCAATTGCAGTGTGCTTGAT	1	0.24096385542168675
TTCCCCAGCGTCAATTTTGTTTCAATCTCGAGGACATGACCAGGCTGCGG	1	0.24096385542168675
TAATCACCACAAACAGCGTGCCTAACAAGCCAGCGGTTAACAAGGCAATT	1	0.24096385542168675
TAGGTCAAAATATTAAACTTTAAATAAGTTTATAAAGGACTAAATTTTAT	1	0.24096385542168675
ATTTTTTTTCGAATTACGGAGCGACAACATACGAGAAGATGTTGTTCAGG	1	0.24096385542168675
CTACAGGGAAGCACAGGGGGGGCTTACCTGGAGACAAGAGGTCGAAACTG	1	0.24096385542168675
TACTCCCATCACCTCCTGATCAACTTCTGAACATTTTCTTCTGTTCTCCA	1	0.24096385542168675
AAAGGGATTAAATCGATAGTCAGTATTAAGCTGACCCGCGAGCGTCCGCC	1	0.24096385542168675
TTTTTTGTCTTTTCAACTTTCATAAGAACTTCTTTTACAAATGCCATCCA	1	0.24096385542168675
TCCAAACCCTCCACTGCTTCTGGGCAGAAGCCCATGGCTTAGGCAATGCT	1	0.24096385542168675
CCGAAGTTCTGGCCAATGAAGGTTATCAGATCAGTGGTTCCGATTTAGCG	1	0.24096385542168675
ACCGCAGCGCTCCAACTGACAGCAGAGCACATGAAGGGGTACTACGACAG	1	0.24096385542168675
ATAGGGGTCCGCTTGGAAAAGGGAAATTTTCCCACGCTAAGAGAATTGAG	1	0.24096385542168675
CTTGCCGGTAACGCTCCCGCTTGTCGTCGTCCGAGCACCGCGTGCGCGCT	1	0.24096385542168675
TTGCAGCGAAAGTGTGCCATGAAGTGGGGCTGGACGCGGGAGAGGTGGTC	1	0.24096385542168675
CATAACAGAATGCGGGCGAAAACATCGTTGATTTCACCATCTTCACTGTC	1	0.24096385542168675
ATTTGATTGGCAAACGCATTGCCGTACCGTTTATCTCCACCACCCACTAC	1	0.24096385542168675
CATTAGATCTGTTCGCGCACGAGCGTCGACCGGGACGACCGAAAACTAAT	1	0.24096385542168675
GCGTTAGCCAGCCCGTTGCGCGTTGCAGTTGCAGTCCGTTGCACGTTGCC	1	0.24096385542168675
ACTAGAATACAGGACATTGACCACACGATCCTCTCGATTCCACGCGATCG	1	0.24096385542168675
CCCTGGACGCAGCACAAGAACCCATTGTTTAACAAGGGCGTCCTCTTCCG	1	0.24096385542168675
AACGCCTCCCTATGGCCAATCTACATCTACTTTGCGAACATCTCCAAGTA	1	0.24096385542168675
AGATGATGATGATGGGATGGGGATGTTAGATGATAAAATGAGCACTTAGA	1	0.24096385542168675
CGTTCGTCTGGGGAAATGAAAACATGTTATAAAATCGTGCTTCCCCCCCA	1	0.24096385542168675
AGTAAGTAACATAGATGGTACTAGTAATAAGGCTGGACAGATTACGGATT	1	0.24096385542168675
TAGAAATTATTAAAAGTATTTTGGATGAATACCACTGTGGTGGAATGACA	1	0.24096385542168675
GTTGTCGCCATTATGCTGGCTATCGACCTGTTGTTGCAGGGGCGTCGTGG	1	0.24096385542168675
TATGTAGAAATATACCTTGAAGATGATAAATTAAAGAAAAAACTTAACTA	1	0.24096385542168675
GCCCACAACGCCTGCTCCAGTGCATCCAGCACGAATGTCGTTTCCATAGA	1	0.24096385542168675
ATCCCGTGAAACGCGTAACCGTCTTTCCGCTCGTGGCGTTGTCGTTTATC	1	0.24096385542168675
ACTACCTCGCTGCCAACTCCTGTGAGCCATCCGACTGCATCTACAGATCA	1	0.24096385542168675
TTCCTTGAAACTCAGTATTATATCCTCTTGCTCCTATAACCCCAGCAACT	1	0.24096385542168675
ATTTTGATTATTTGTATAAACTAGATAAAGGAAAATGGTATGGTTGGCCC	1	0.24096385542168675
GGAGATCTTCAACCCCAACGCTGATACGAATCAGCCGCGGATCAGCCCCA	1	0.24096385542168675
CAGGCATGCCTGAGCCGAAGAAGTATGGTGGCGATGGAGGGATTCGTACT	1	0.24096385542168675
TATGTGTGAACAAAAGCGATACTCTACTATACTCTTCTAGTCAATATCAA	1	0.24096385542168675
CAAAAAATTCGCATTCCGATGGTGCCGGACAGCCGCAGCATGAACCTGTC	1	0.24096385542168675
TTGGCCCCAAAGCTATACATCACCTCCACACAGGGAGATCAGTAAGTCTC	1	0.24096385542168675
CGAACTACCATGCGAGCAGTTTCACGACCGAAGTACTGTTCCAGAGAACG	1	0.24096385542168675
TTGCCAGCGAAATCATTCTGGTAATTGTTGCCATCGTATTCGAGTTTCAG	1	0.24096385542168675
TACACAAAACTAATCAATCGAGAGGAAATCCAAGCGAAAGAAGAACATTT	1	0.24096385542168675
TGACTATCTTCCTCGCCCAGGGCCTGGGTGGCGGCATTAACACCGTGCTG	1	0.24096385542168675
AAGCAACAGGCTACTCACCTCTGATAGCCAAGCAGCCACCAGTGAAGAAA	1	0.24096385542168675
TTGATTGCATCTTCATTATCGAATTGATTTGAATTGAGTGTTTTATTAAA	1	0.24096385542168675
GTTATCCTCAACCTTGCGCCAGAACTACGGTACAAGGTGAAGTATGTTCT	1	0.24096385542168675
GAGGGCTTCGGTGCGAGTGAGGAGAGTTTCCGTAAAATCGGCCGACTTGA	1	0.24096385542168675
CACCTTCGAAGCCGCTCACCGCTTACCACACGTCCCGGAAGGGCATAAAT	1	0.24096385542168675
GCATCATTCGGGCCGCAATACCGGTCGTATTCAGTCTCATTGTTCCTCCG	1	0.24096385542168675
TGCGGTATTGTTATCTGCGAGAATCGGTTCAAGTTGTCCGCTCAGCGTCA	1	0.24096385542168675
AAGCGCTGCCTGCGTTTTTCTGCCGTACCAGCTCGTTTGACGTCAGCATT	1	0.24096385542168675
CATTAGAGTAGGAGCTTCTTATAACAACTTCTTGAGCTGGTTGGATATAA	1	0.24096385542168675
GCACATCACCTGCACATACTTCAGGTACGCTGCCCTTTCATGTATCCGCA	1	0.24096385542168675
GGGCGATCCGAGCGCAAGTACTGGGAGGGAGTGATTGATGTCACAGCACG	1	0.24096385542168675
AAAATGGAAGCAGTATATTAAAGTTTAAAGCTGAGCTTGGTTATCTTTTA	1	0.24096385542168675
GGCGATCCGCAGCTCACCGCGCACTTTGACGCGGTGCGTCGCGAGATTAT	1	0.24096385542168675
TATTTGGCTCAGTTTCACACCAATATGTACCGCAGCGCGTTATTGTTTAA	1	0.24096385542168675
CGAAGTCACGCGGGAGGAAACAAGGACGTTCAAGTACGTGGGCGGAGGCT	1	0.24096385542168675
TGATGTAGCAAATATATTTTCTAACTCACGTAAAAAATTCACATTATTAA	1	0.24096385542168675
GAACTAATTACCTCTGATTCATGTATATCTCTTATGTCACTTCCACATTC	1	0.24096385542168675
TCCTTTGATACGCAGTAGCAAGACATATCTCCCGTTTCCCGCCATCTAAG	1	0.24096385542168675
ATGGGCTATGCTTCTATCTCACTATATATGGATATCTTTGCATCTGTACT	1	0.24096385542168675
ACATTGGAAGTGCGGCGTTGGTGACGCGTATCTGAGTTCTCTGCAGCGTG	1	0.24096385542168675
CCACTCAAGGCCATGCATCCCCAATGTACGCTCCTACTGCTACCACGTTG	1	0.24096385542168675
CGAAGCGTTTGATGTCCTTGTCAGCTTCAATCGCCTCATCGGTGATATCC	1	0.24096385542168675
TGTATGGCATGCTCTCAAATTTTTATGTCAGGAACTAGATGAGAAGGCGG	1	0.24096385542168675
GATCATCAGCATGAGCAATAGTGAGGCATATGCTGCAGCTCTTGCTCTGT	1	0.24096385542168675
CGCGGTGGGGCGTTTTCAGTCGCCAGCAGCGCCGCGCCGCCCCATTCACC	1	0.24096385542168675
ATGGTCAACGAAGTGGTGCGCTGTCTGGAGGAAGGCATTATCGCCACTCC	1	0.24096385542168675
GATTGCGTTGACCTAACCTGCATGGACCTCACTCTCTGGCTCAACATGTC	1	0.24096385542168675
AAGTGCGTCAAATTGTTTCTTGTGCTCCTTCTTAGCTTTCTGCAAGTAGA	1	0.24096385542168675
AGACGTTCCGGCAGCATATCAACGCCGATGATCCGTTTTGCACCGCGACC	1	0.24096385542168675
GAATTTGTATAAATAACCCAAAAATAATTATATCTTTTTACAAAATATTT	1	0.24096385542168675
GGCCTAATCTTTGTCTCCGCTCTAACCCGTTCTTTGCCTGGATCGCTTCA	1	0.24096385542168675
AGCAGATTCTGAGTCTCTATATAATGTAGTAAGAACATAAACACCAAATG	1	0.24096385542168675
ACATTGTGATGGAGAGATGTACTTGAGACACAATGGGAGATTGTCACGAC	1	0.24096385542168675
CTTATATATGTTACAAGTATATGTTACAATACTACAGTAGCAAGATCAGA	1	0.24096385542168675
GGTGCCAAAGTGGAAGAGGACGGTAAATCTAGTCAGCTTGCAAAGGGACA	1	0.24096385542168675
GATACGTTCAACGAACGCCCACGCATCGCGCGGGTCGCGCCCTTGCAGAA	1	0.24096385542168675
GATTATTTTGATCAGCTCCACGCCTATGCGATCGAACTGATCAATAAAGG	1	0.24096385542168675
TCGGTCGGTCGGTCGGTAACTTATGATGGTGGTATACAAGATACAAGGCA	1	0.24096385542168675
TGAGCTCACGCGCACCTTCTCAATTAACCTCAAGGTCAAGGTGTTTCATT	1	0.24096385542168675
AAGCCGGCCAGGATTGCACCACTTAGATTGCACAAGTCCCCAACCAGCCA	1	0.24096385542168675
ATCAAGAAATTCTGGAACCTTATCAGGTGGGGAATCACAAAGAATAAGGC	1	0.24096385542168675
TACTCATTGACGTTACCCGCAGAAGAAGCACCGGCTAACTCCGTGCCAGC	1	0.24096385542168675
CCTTCAATTGCCAAATTTCTTTTCTTGCTTGTATGCTATAGTTATTTGTA	1	0.24096385542168675
AGTTCAATTCTCTCCTGAGGCATATCCTTTAAAATTTCCTAATTATATTA	1	0.24096385542168675
AACCCCTGGACGACGACGATTTGGACGCCATGGCCAAAGATGCAGACACG	1	0.24096385542168675
GCATAATATGTCAAGTCCTCTGAGTATCCTATATACAGATGTCTTTTTTC	1	0.24096385542168675
AGATGGAGTTACTGGAATTGGCAGGATATAAATCCTCCTACATTCATATG	1	0.24096385542168675
GTTCTTGTAAACTTTGTATCATTCTATAATCTAAATTCAAATTGAACTAT	1	0.24096385542168675
GATAACTAACACTTGCGCCCCTTCGCGGGCGAGCACCAGTGCGGCAACCG	1	0.24096385542168675
CAGCAACTCCACCATTTGTTATGAAGATTTTTGAACCATTTAATACATAA	1	0.24096385542168675
ATACCTATCAAACACTTTATCCCAAGCATCATCAACATCATTATTCTTAT	1	0.24096385542168675
ATAAAGATATTGATGCGGTGATGGCGGCACAAAGCGATCTGGTGGAAGTT	1	0.24096385542168675
AATGGTGTGCCTGGACTGCAATCGCTCAAGTCCGAAGCTATGTCTATTCG	1	0.24096385542168675
ACGATGGAGTTTCCGGAGAAGTTAGATACTTCTGTGATGTTACAGGCACA	1	0.24096385542168675
TCGTTAACCGAAAAAGAGGTCAATCATCTGTTCACTATTATTCGTAAATT	1	0.24096385542168675
AATCTCCTCCTTTCTTCTATAATGGTGTCATCGGTGATGACACTGAACTG	1	0.24096385542168675
GGTTTAGCAAGTAACGCTGATAAACGCGGGAAAAGCCCTTTTCCATATGA	1	0.24096385542168675
TGATGCGCGGCGTCAACATCCAGTTCGTTCTGGGTGGCGCAAGGCAGGGC	1	0.24096385542168675
